timestamp,domain,category,title,hour,date,day_name
2026-03-10T00:35:10,sqlitebrowser.org,coding,Page on sqlitebrowser.org,0,2026-03-10,Tuesday
2026-03-10T07:27:13,tidbcloud.com,utility,Page on tidbcloud.com,7,2026-03-10,Tuesday
2026-03-10T07:33:55,support.microsoft.com,utility,Page on support.microsoft.com,7,2026-03-10,Tuesday
2026-03-10T07:48:46,github.com,coding,Page on github.com,7,2026-03-10,Tuesday
2026-03-10T08:01:37,auth.tidbcloud.com,utility,Page on auth.tidbcloud.com,8,2026-03-10,Tuesday
2026-03-10T08:14:04,drive.google.com,work,Page on drive.google.com,8,2026-03-10,Tuesday
2026-03-10T08:28:07,localhost:8501,coding,Page on localhost:8501,8,2026-03-10,Tuesday
2026-03-10T08:28:57,chromewebstore.google.com,utility,Page on chromewebstore.google.com,8,2026-03-10,Tuesday
2026-03-10T08:42:41,x.com,social,Page on x.com,8,2026-03-10,Tuesday
2026-03-10T08:45:19,web.whatsapp.com,social,Page on web.whatsapp.com,8,2026-03-10,Tuesday
2026-03-10T09:00:04,accounts.google.com,utility,Page on accounts.google.com,9,2026-03-10,Tuesday
2026-03-10T09:03:14,w3schools.com,learning,Page on w3schools.com,9,2026-03-10,Tuesday
2026-03-10T09:04:32,localhost:8501,coding,Page on localhost:8501,9,2026-03-10,Tuesday
2026-03-10T09:12:06,sqlite.org,learning,Page on sqlite.org,9,2026-03-10,Tuesday
2026-03-10T09:13:34,mysql.com,learning,Page on mysql.com,9,2026-03-10,Tuesday
2026-03-10T09:14:37,colab.research.google.com,coding,Page on colab.research.google.com,9,2026-03-10,Tuesday
2026-03-10T09:17:42,amazon.in,utility,Page on amazon.in,9,2026-03-10,Tuesday
2026-03-10T09:27:26,netflix.com,entertainment,Page on netflix.com,9,2026-03-10,Tuesday
2026-03-10T09:36:30,localhost:8501,coding,Page on localhost:8501,9,2026-03-10,Tuesday
2026-03-10T09:42:27,forms.gle,work,Page on forms.gle,9,2026-03-10,Tuesday
2026-03-10T09:46:59,pingcap.com,utility,Page on pingcap.com,9,2026-03-10,Tuesday
2026-03-10T09:50:30,meet.google.com,social,Page on meet.google.com,9,2026-03-10,Tuesday
2026-03-10T09:57:02,drive.google.com,work,Page on drive.google.com,9,2026-03-10,Tuesday
2026-03-10T10:06:03,accounts.google.co.in,utility,Page on accounts.google.co.in,10,2026-03-10,Tuesday
2026-03-10T10:06:03,web.whatsapp.com,social,Page on web.whatsapp.com,10,2026-03-10,Tuesday
2026-03-10T10:15:12,github.com,coding,Page on github.com,10,2026-03-10,Tuesday
2026-03-10T10:27:11,linkedin.com,work,Page on linkedin.com,10,2026-03-10,Tuesday
2026-03-10T10:28:51,auth.tidbcloud.com,utility,Page on auth.tidbcloud.com,10,2026-03-10,Tuesday
2026-03-10T10:29:15,w3schools.com,learning,Page on w3schools.com,10,2026-03-10,Tuesday
2026-03-10T10:34:28,mysql.com,learning,Page on mysql.com,10,2026-03-10,Tuesday
2026-03-10T10:43:41,accounts.google.co.in,utility,Page on accounts.google.co.in,10,2026-03-10,Tuesday
2026-03-10T10:46:21,sqlite.org,learning,Page on sqlite.org,10,2026-03-10,Tuesday
2026-03-10T10:55:46,365datascience.com,learning,Page on 365datascience.com,10,2026-03-10,Tuesday
2026-03-10T11:05:59,localhost:8501,coding,Page on localhost:8501,11,2026-03-10,Tuesday
2026-03-10T11:10:26,amazon.in,utility,Page on amazon.in,11,2026-03-10,Tuesday
2026-03-10T11:16:59,netflix.com,entertainment,Page on netflix.com,11,2026-03-10,Tuesday
2026-03-10T11:18:27,auth.tidbcloud.com,utility,Page on auth.tidbcloud.com,11,2026-03-10,Tuesday
2026-03-10T11:24:00,reddit.com,social,Page on reddit.com,11,2026-03-10,Tuesday
2026-03-10T11:30:13,web.whatsapp.com,social,Page on web.whatsapp.com,11,2026-03-10,Tuesday
2026-03-10T11:34:53,chatgpt.com,learning,Page on chatgpt.com,11,2026-03-10,Tuesday
2026-03-10T11:57:03,v2.zenclass.in,learning,Page on v2.zenclass.in,11,2026-03-10,Tuesday
2026-03-10T12:09:12,naukri.com,work,Page on naukri.com,12,2026-03-10,Tuesday
2026-03-10T12:13:03,nvidia.com,utility,Page on nvidia.com,12,2026-03-10,Tuesday
2026-03-10T12:42:45,amazon.in,utility,Page on amazon.in,12,2026-03-10,Tuesday
2026-03-10T12:47:20,365datascience.com,learning,Page on 365datascience.com,12,2026-03-10,Tuesday
2026-03-10T12:47:34,365datascience.com,learning,Page on 365datascience.com,12,2026-03-10,Tuesday
2026-03-10T13:02:39,guvi.in,learning,Page on guvi.in,13,2026-03-10,Tuesday
2026-03-10T13:03:37,google.com,utility,Page on google.com,13,2026-03-10,Tuesday
2026-03-10T13:04:38,w3schools.com,learning,Page on w3schools.com,13,2026-03-10,Tuesday
2026-03-10T13:05:54,classify.zenclass.in,learning,Page on classify.zenclass.in,13,2026-03-10,Tuesday
2026-03-10T13:10:03,png2jpg.com,utility,Page on png2jpg.com,13,2026-03-10,Tuesday
2026-03-10T13:15:37,support.microsoft.com,utility,Page on support.microsoft.com,13,2026-03-10,Tuesday
2026-03-10T13:25:07,pingcap.com,utility,Page on pingcap.com,13,2026-03-10,Tuesday
2026-03-10T13:26:42,nvidia.com,utility,Page on nvidia.com,13,2026-03-10,Tuesday
2026-03-10T13:32:58,chromewebstore.google.com,utility,Page on chromewebstore.google.com,13,2026-03-10,Tuesday
2026-03-10T13:43:55,localhost:8501,coding,Page on localhost:8501,13,2026-03-10,Tuesday
2026-03-10T14:36:33,docs.google.com,work,Page on docs.google.com,14,2026-03-10,Tuesday
2026-03-10T14:59:16,raw.githubusercontent.com,coding,Page on raw.githubusercontent.com,14,2026-03-10,Tuesday
2026-03-10T15:00:29,go.microsoft.com,utility,Page on go.microsoft.com,15,2026-03-10,Tuesday
2026-03-10T15:08:42,accounts.google.co.in,utility,Page on accounts.google.co.in,15,2026-03-10,Tuesday
2026-03-10T15:15:16,web.whatsapp.com,social,Page on web.whatsapp.com,15,2026-03-10,Tuesday
2026-03-10T15:19:29,docs.google.com,work,Page on docs.google.com,15,2026-03-10,Tuesday
2026-03-10T15:42:45,docs.google.com,work,Page on docs.google.com,15,2026-03-10,Tuesday
2026-03-10T15:59:48,w3schools.com,learning,Page on w3schools.com,15,2026-03-10,Tuesday
2026-03-10T16:16:08,forms.gle,work,Page on forms.gle,16,2026-03-10,Tuesday
2026-03-10T16:23:18,v2.zenclass.in,learning,Page on v2.zenclass.in,16,2026-03-10,Tuesday
2026-03-10T16:28:53,tidbcloud.com,utility,Page on tidbcloud.com,16,2026-03-10,Tuesday
2026-03-10T16:34:13,png2jpg.com,utility,Page on png2jpg.com,16,2026-03-10,Tuesday
2026-03-10T16:36:06,w3schools.com,learning,Page on w3schools.com,16,2026-03-10,Tuesday
2026-03-10T16:45:19,go.microsoft.com,utility,Page on go.microsoft.com,16,2026-03-10,Tuesday
2026-03-10T16:56:04,localhost:8501,coding,Page on localhost:8501,16,2026-03-10,Tuesday
2026-03-10T17:00:42,auth.tidbcloud.com,utility,Page on auth.tidbcloud.com,17,2026-03-10,Tuesday
2026-03-10T17:06:56,mysql.com,learning,Page on mysql.com,17,2026-03-10,Tuesday
2026-03-10T17:13:43,accounts.google.com,utility,Page on accounts.google.com,17,2026-03-10,Tuesday
2026-03-10T17:13:45,drive.google.com,work,Page on drive.google.com,17,2026-03-10,Tuesday
2026-03-10T17:16:07,sqlite.org,learning,Page on sqlite.org,17,2026-03-10,Tuesday
2026-03-10T17:17:18,support.microsoft.com,utility,Page on support.microsoft.com,17,2026-03-10,Tuesday
2026-03-10T17:19:59,accounts.youtube.com,utility,Page on accounts.youtube.com,17,2026-03-10,Tuesday
2026-03-10T17:47:35,zenclass.in,learning,Page on zenclass.in,17,2026-03-10,Tuesday
2026-03-10T17:51:41,chromewebstore.google.com,utility,Page on chromewebstore.google.com,17,2026-03-10,Tuesday
2026-03-10T18:00:07,w3schools.com,learning,Page on w3schools.com,18,2026-03-10,Tuesday
2026-03-10T18:00:21,mysql.com,learning,Page on mysql.com,18,2026-03-10,Tuesday
2026-03-10T18:05:40,mail.google.com,social,Page on mail.google.com,18,2026-03-10,Tuesday
2026-03-10T18:31:16,365datascience.com,learning,Page on 365datascience.com,18,2026-03-10,Tuesday
2026-03-10T18:34:02,x.com,social,Page on x.com,18,2026-03-10,Tuesday
2026-03-10T18:37:35,zenclass.in,learning,Page on zenclass.in,18,2026-03-10,Tuesday
2026-03-10T18:40:16,v2.zenclass.in,learning,Page on v2.zenclass.in,18,2026-03-10,Tuesday
2026-03-10T18:45:27,auth.tidbcloud.com,utility,Page on auth.tidbcloud.com,18,2026-03-10,Tuesday
2026-03-10T18:47:28,auth.tidbcloud.com,utility,Page on auth.tidbcloud.com,18,2026-03-10,Tuesday
2026-03-10T18:53:17,claude.com,learning,Page on claude.com,18,2026-03-10,Tuesday
2026-03-10T18:54:16,png2jpg.com,utility,Page on png2jpg.com,18,2026-03-10,Tuesday
2026-03-10T18:56:44,zenclass.in,learning,Page on zenclass.in,18,2026-03-10,Tuesday
2026-03-10T19:06:22,auth.tidbcloud.com,utility,Page on auth.tidbcloud.com,19,2026-03-10,Tuesday
2026-03-10T19:11:47,drive.google.com,work,Page on drive.google.com,19,2026-03-10,Tuesday
2026-03-10T19:12:25,drive.google.com,work,Page on drive.google.com,19,2026-03-10,Tuesday
2026-03-10T19:12:52,netflix.com,entertainment,Page on netflix.com,19,2026-03-10,Tuesday
2026-03-10T19:14:01,accounts.youtube.com,utility,Page on accounts.youtube.com,19,2026-03-10,Tuesday
2026-03-10T19:17:10,sqlite.org,learning,Page on sqlite.org,19,2026-03-10,Tuesday
2026-03-10T19:17:55,w3schools.com,learning,Page on w3schools.com,19,2026-03-10,Tuesday
2026-03-10T19:19:23,claude.com,learning,Page on claude.com,19,2026-03-10,Tuesday
2026-03-10T19:22:19,colab.research.google.com,coding,Page on colab.research.google.com,19,2026-03-10,Tuesday
2026-03-10T19:24:55,claude.com,learning,Page on claude.com,19,2026-03-10,Tuesday
2026-03-10T19:27:08,claude.com,learning,Page on claude.com,19,2026-03-10,Tuesday
2026-03-10T19:39:47,zenclass.in,learning,Page on zenclass.in,19,2026-03-10,Tuesday
2026-03-10T19:41:32,web.whatsapp.com,social,Page on web.whatsapp.com,19,2026-03-10,Tuesday
2026-03-10T19:43:15,accounts.youtube.com,utility,Page on accounts.youtube.com,19,2026-03-10,Tuesday
2026-03-10T19:49:17,forms.gle,work,Page on forms.gle,19,2026-03-10,Tuesday
2026-03-10T19:50:59,meet.google.com,social,Page on meet.google.com,19,2026-03-10,Tuesday
2026-03-10T19:51:42,localhost:8501,coding,Page on localhost:8501,19,2026-03-10,Tuesday
2026-03-10T19:54:30,colab.research.google.com,coding,Page on colab.research.google.com,19,2026-03-10,Tuesday
2026-03-10T19:55:10,classify.zenclass.in,learning,Page on classify.zenclass.in,19,2026-03-10,Tuesday
2026-03-10T19:56:26,claude.ai,learning,Page on claude.ai,19,2026-03-10,Tuesday
2026-03-10T19:56:55,meet.google.com,social,Page on meet.google.com,19,2026-03-10,Tuesday
2026-03-10T19:57:22,raw.githubusercontent.com,coding,Page on raw.githubusercontent.com,19,2026-03-10,Tuesday
2026-03-10T19:59:59,localhost:8501,coding,Page on localhost:8501,19,2026-03-10,Tuesday
2026-03-10T20:06:38,mail.google.com,social,Page on mail.google.com,20,2026-03-10,Tuesday
2026-03-10T20:07:24,pingcap.com,utility,Page on pingcap.com,20,2026-03-10,Tuesday
2026-03-10T20:21:01,dev.mysql.com,learning,Page on dev.mysql.com,20,2026-03-10,Tuesday
2026-03-10T20:22:46,docs.google.com,work,Page on docs.google.com,20,2026-03-10,Tuesday
2026-03-10T20:27:38,png2jpg.com,utility,Page on png2jpg.com,20,2026-03-10,Tuesday
2026-03-10T20:37:16,claude.com,learning,Page on claude.com,20,2026-03-10,Tuesday
2026-03-10T20:43:53,tidbcloud.com,utility,Page on tidbcloud.com,20,2026-03-10,Tuesday
2026-03-10T20:56:16,classify.zenclass.in,learning,Page on classify.zenclass.in,20,2026-03-10,Tuesday
2026-03-10T21:04:42,drive.google.com,work,Page on drive.google.com,21,2026-03-10,Tuesday
2026-03-10T21:12:16,claude.com,learning,Page on claude.com,21,2026-03-10,Tuesday
2026-03-10T21:12:23,mail.google.com,social,Page on mail.google.com,21,2026-03-10,Tuesday
2026-03-10T21:26:20,web.whatsapp.com,social,Page on web.whatsapp.com,21,2026-03-10,Tuesday
2026-03-10T21:32:19,accounts.youtube.com,utility,Page on accounts.youtube.com,21,2026-03-10,Tuesday
2026-03-10T21:33:59,tidbcloud.com,utility,Page on tidbcloud.com,21,2026-03-10,Tuesday
2026-03-10T21:39:20,accounts.youtube.com,utility,Page on accounts.youtube.com,21,2026-03-10,Tuesday
2026-03-10T21:43:46,accounts.youtube.com,utility,Page on accounts.youtube.com,21,2026-03-10,Tuesday
2026-03-10T21:45:27,chatgpt.com,learning,Page on chatgpt.com,21,2026-03-10,Tuesday
2026-03-10T21:54:07,indeed.com,work,Page on indeed.com,21,2026-03-10,Tuesday
2026-03-10T22:08:12,meet.google.com,social,Page on meet.google.com,22,2026-03-10,Tuesday
2026-03-10T22:44:18,auth.tidbcloud.com,utility,Page on auth.tidbcloud.com,22,2026-03-10,Tuesday
2026-03-10T23:19:18,raw.githubusercontent.com,coding,Page on raw.githubusercontent.com,23,2026-03-10,Tuesday
2026-03-10T23:25:35,chatgpt.com,learning,Page on chatgpt.com,23,2026-03-10,Tuesday
2026-03-10T23:39:36,indeed.com,work,Page on indeed.com,23,2026-03-10,Tuesday
2026-03-10T23:42:24,test.hyrenet.in,utility,Page on test.hyrenet.in,23,2026-03-10,Tuesday
2026-03-10T23:47:57,classify.zenclass.in,learning,Page on classify.zenclass.in,23,2026-03-10,Tuesday
2026-03-11T05:41:02,claude.ai,learning,Page on claude.ai,5,2026-03-11,Wednesday
2026-03-11T07:15:12,claude.ai,learning,Page on claude.ai,7,2026-03-11,Wednesday
2026-03-11T07:39:09,localhost:8501,coding,Page on localhost:8501,7,2026-03-11,Wednesday
2026-03-11T08:07:36,raw.githubusercontent.com,coding,Page on raw.githubusercontent.com,8,2026-03-11,Wednesday
2026-03-11T08:08:30,accounts.youtube.com,utility,Page on accounts.youtube.com,8,2026-03-11,Wednesday
2026-03-11T08:29:44,sqlitebrowser.org,coding,Page on sqlitebrowser.org,8,2026-03-11,Wednesday
2026-03-11T08:38:38,dev.mysql.com,learning,Page on dev.mysql.com,8,2026-03-11,Wednesday
2026-03-11T08:49:23,v2.zenclass.in,learning,Page on v2.zenclass.in,8,2026-03-11,Wednesday
2026-03-11T09:01:59,indeed.com,work,Page on indeed.com,9,2026-03-11,Wednesday
2026-03-11T09:04:37,accounts.google.com,utility,Page on accounts.google.com,9,2026-03-11,Wednesday
2026-03-11T09:19:06,nvidia.com,utility,Page on nvidia.com,9,2026-03-11,Wednesday
2026-03-11T09:25:45,github.com,coding,Page on github.com,9,2026-03-11,Wednesday
2026-03-11T09:36:43,reddit.com,social,Page on reddit.com,9,2026-03-11,Wednesday
2026-03-11T09:49:52,v2.zenclass.in,learning,Page on v2.zenclass.in,9,2026-03-11,Wednesday
2026-03-11T10:15:06,indeed.com,work,Page on indeed.com,10,2026-03-11,Wednesday
2026-03-11T10:50:02,forms.gle,work,Page on forms.gle,10,2026-03-11,Wednesday
2026-03-11T10:51:07,pingcap.com,utility,Page on pingcap.com,10,2026-03-11,Wednesday
2026-03-11T10:54:43,support.microsoft.com,utility,Page on support.microsoft.com,10,2026-03-11,Wednesday
2026-03-11T11:06:27,x.com,social,Page on x.com,11,2026-03-11,Wednesday
2026-03-11T11:23:04,png2jpg.com,utility,Page on png2jpg.com,11,2026-03-11,Wednesday
2026-03-11T11:34:27,accounts.youtube.com,utility,Page on accounts.youtube.com,11,2026-03-11,Wednesday
2026-03-11T11:40:57,netflix.com,entertainment,Page on netflix.com,11,2026-03-11,Wednesday
2026-03-11T11:41:21,chatgpt.com,learning,Page on chatgpt.com,11,2026-03-11,Wednesday
2026-03-11T11:54:26,amazon.in,utility,Page on amazon.in,11,2026-03-11,Wednesday
2026-03-11T12:11:46,chromewebstore.google.com,utility,Page on chromewebstore.google.com,12,2026-03-11,Wednesday
2026-03-11T12:15:48,netflix.com,entertainment,Page on netflix.com,12,2026-03-11,Wednesday
2026-03-11T12:17:20,localhost:8501,coding,Page on localhost:8501,12,2026-03-11,Wednesday
2026-03-11T12:17:56,youtube.com,entertainment,Page on youtube.com,12,2026-03-11,Wednesday
2026-03-11T12:27:52,nvidia.com,utility,Page on nvidia.com,12,2026-03-11,Wednesday
2026-03-11T12:36:39,accounts.youtube.com,utility,Page on accounts.youtube.com,12,2026-03-11,Wednesday
2026-03-11T12:41:17,go.microsoft.com,utility,Page on go.microsoft.com,12,2026-03-11,Wednesday
2026-03-11T12:45:09,mail.google.com,social,Page on mail.google.com,12,2026-03-11,Wednesday
2026-03-11T12:49:30,netflix.com,entertainment,Page on netflix.com,12,2026-03-11,Wednesday
2026-03-11T12:51:58,tidbcloud.com,utility,Page on tidbcloud.com,12,2026-03-11,Wednesday
2026-03-11T12:53:59,guvi.in,learning,Page on guvi.in,12,2026-03-11,Wednesday
2026-03-11T14:11:31,raw.githubusercontent.com,coding,Page on raw.githubusercontent.com,14,2026-03-11,Wednesday
2026-03-11T14:21:17,support.microsoft.com,utility,Page on support.microsoft.com,14,2026-03-11,Wednesday
2026-03-11T14:22:51,sqlitebrowser.org,coding,Page on sqlitebrowser.org,14,2026-03-11,Wednesday
2026-03-11T14:24:21,claude.ai,learning,Page on claude.ai,14,2026-03-11,Wednesday
2026-03-11T14:31:54,docs.google.com,work,Page on docs.google.com,14,2026-03-11,Wednesday
2026-03-11T14:35:00,chromewebstore.google.com,utility,Page on chromewebstore.google.com,14,2026-03-11,Wednesday
2026-03-11T14:44:56,linkedin.com,work,Page on linkedin.com,14,2026-03-11,Wednesday
2026-03-11T15:12:05,localhost:8501,coding,Page on localhost:8501,15,2026-03-11,Wednesday
2026-03-11T15:18:14,web.whatsapp.com,social,Page on web.whatsapp.com,15,2026-03-11,Wednesday
2026-03-11T15:30:35,chromewebstore.google.com,utility,Page on chromewebstore.google.com,15,2026-03-11,Wednesday
2026-03-11T15:35:48,localhost:8501,coding,Page on localhost:8501,15,2026-03-11,Wednesday
2026-03-11T15:42:37,x.com,social,Page on x.com,15,2026-03-11,Wednesday
2026-03-11T15:44:15,indeed.com,work,Page on indeed.com,15,2026-03-11,Wednesday
2026-03-11T15:44:30,accounts.google.co.in,utility,Page on accounts.google.co.in,15,2026-03-11,Wednesday
2026-03-11T15:45:31,youtube.com,entertainment,Page on youtube.com,15,2026-03-11,Wednesday
2026-03-11T15:46:26,amazon.in,utility,Page on amazon.in,15,2026-03-11,Wednesday
2026-03-11T15:50:01,guvi.in,learning,Page on guvi.in,15,2026-03-11,Wednesday
2026-03-11T16:12:13,google.com,utility,Page on google.com,16,2026-03-11,Wednesday
2026-03-11T16:14:07,github.com,coding,Page on github.com,16,2026-03-11,Wednesday
2026-03-11T16:17:19,sqlitebrowser.org,coding,Page on sqlitebrowser.org,16,2026-03-11,Wednesday
2026-03-11T16:17:46,nvidia.com,utility,Page on nvidia.com,16,2026-03-11,Wednesday
2026-03-11T16:20:07,tidbcloud.com,utility,Page on tidbcloud.com,16,2026-03-11,Wednesday
2026-03-11T16:21:22,netflix.com,entertainment,Page on netflix.com,16,2026-03-11,Wednesday
2026-03-11T16:22:27,auth.tidbcloud.com,utility,Page on auth.tidbcloud.com,16,2026-03-11,Wednesday
2026-03-11T16:48:33,support.microsoft.com,utility,Page on support.microsoft.com,16,2026-03-11,Wednesday
2026-03-11T16:48:44,classify.zenclass.in,learning,Page on classify.zenclass.in,16,2026-03-11,Wednesday
2026-03-11T17:11:19,chatgpt.com,learning,Page on chatgpt.com,17,2026-03-11,Wednesday
2026-03-11T17:17:02,365datascience.com,learning,Page on 365datascience.com,17,2026-03-11,Wednesday
2026-03-11T17:18:06,github.com,coding,Page on github.com,17,2026-03-11,Wednesday
2026-03-11T17:18:14,x.com,social,Page on x.com,17,2026-03-11,Wednesday
2026-03-11T17:35:18,mysql.com,learning,Page on mysql.com,17,2026-03-11,Wednesday
2026-03-11T17:40:55,amazon.in,utility,Page on amazon.in,17,2026-03-11,Wednesday
2026-03-11T17:45:34,mysql.com,learning,Page on mysql.com,17,2026-03-11,Wednesday
2026-03-11T18:06:55,chatgpt.com,learning,Page on chatgpt.com,18,2026-03-11,Wednesday
2026-03-11T18:11:03,sqlitebrowser.org,coding,Page on sqlitebrowser.org,18,2026-03-11,Wednesday
2026-03-11T18:30:28,drive.google.com,work,Page on drive.google.com,18,2026-03-11,Wednesday
2026-03-11T18:31:04,pingcap.com,utility,Page on pingcap.com,18,2026-03-11,Wednesday
2026-03-11T18:36:18,google.com,utility,Page on google.com,18,2026-03-11,Wednesday
2026-03-11T18:40:43,365datascience.com,learning,Page on 365datascience.com,18,2026-03-11,Wednesday
2026-03-11T18:52:04,web.whatsapp.com,social,Page on web.whatsapp.com,18,2026-03-11,Wednesday
2026-03-11T18:55:30,dev.mysql.com,learning,Page on dev.mysql.com,18,2026-03-11,Wednesday
2026-03-11T19:07:35,meet.google.com,social,Page on meet.google.com,19,2026-03-11,Wednesday
2026-03-11T19:09:09,pingcap.com,utility,Page on pingcap.com,19,2026-03-11,Wednesday
2026-03-11T19:14:49,chromewebstore.google.com,utility,Page on chromewebstore.google.com,19,2026-03-11,Wednesday
2026-03-11T19:15:11,auth.tidbcloud.com,utility,Page on auth.tidbcloud.com,19,2026-03-11,Wednesday
2026-03-11T19:19:05,localhost:8501,coding,Page on localhost:8501,19,2026-03-11,Wednesday
2026-03-11T19:19:55,nvidia.com,utility,Page on nvidia.com,19,2026-03-11,Wednesday
2026-03-11T19:24:28,youtube.com,entertainment,Page on youtube.com,19,2026-03-11,Wednesday
2026-03-11T19:27:19,pingcap.com,utility,Page on pingcap.com,19,2026-03-11,Wednesday
2026-03-11T19:38:38,go.microsoft.com,utility,Page on go.microsoft.com,19,2026-03-11,Wednesday
2026-03-11T19:39:03,go.microsoft.com,utility,Page on go.microsoft.com,19,2026-03-11,Wednesday
2026-03-11T19:40:13,sqlitebrowser.org,coding,Page on sqlitebrowser.org,19,2026-03-11,Wednesday
2026-03-11T19:42:05,v2.zenclass.in,learning,Page on v2.zenclass.in,19,2026-03-11,Wednesday
2026-03-11T19:47:06,raw.githubusercontent.com,coding,Page on raw.githubusercontent.com,19,2026-03-11,Wednesday
2026-03-11T20:04:03,v2.zenclass.in,learning,Page on v2.zenclass.in,20,2026-03-11,Wednesday
2026-03-11T20:04:10,chatgpt.com,learning,Page on chatgpt.com,20,2026-03-11,Wednesday
2026-03-11T20:04:43,colab.research.google.com,coding,Page on colab.research.google.com,20,2026-03-11,Wednesday
2026-03-11T20:07:29,indeed.com,work,Page on indeed.com,20,2026-03-11,Wednesday
2026-03-11T20:14:18,naukri.com,work,Page on naukri.com,20,2026-03-11,Wednesday
2026-03-11T20:14:41,zenclass.in,learning,Page on zenclass.in,20,2026-03-11,Wednesday
2026-03-11T20:26:28,support.microsoft.com,utility,Page on support.microsoft.com,20,2026-03-11,Wednesday
2026-03-11T20:27:07,tidbcloud.com,utility,Page on tidbcloud.com,20,2026-03-11,Wednesday
2026-03-11T20:30:18,claude.com,learning,Page on claude.com,20,2026-03-11,Wednesday
2026-03-11T20:37:42,github.com,coding,Page on github.com,20,2026-03-11,Wednesday
2026-03-11T20:44:55,netflix.com,entertainment,Page on netflix.com,20,2026-03-11,Wednesday
2026-03-11T20:47:52,pingcap.com,utility,Page on pingcap.com,20,2026-03-11,Wednesday
2026-03-11T20:50:19,support.microsoft.com,utility,Page on support.microsoft.com,20,2026-03-11,Wednesday
2026-03-11T20:58:17,zenclass.in,learning,Page on zenclass.in,20,2026-03-11,Wednesday
2026-03-11T20:58:18,youtube.com,entertainment,Page on youtube.com,20,2026-03-11,Wednesday
2026-03-11T20:59:16,accounts.google.com,utility,Page on accounts.google.com,20,2026-03-11,Wednesday
2026-03-11T21:02:48,classify.zenclass.in,learning,Page on classify.zenclass.in,21,2026-03-11,Wednesday
2026-03-11T21:02:56,mail.google.com,social,Page on mail.google.com,21,2026-03-11,Wednesday
2026-03-11T21:11:37,mail.google.com,social,Page on mail.google.com,21,2026-03-11,Wednesday
2026-03-11T21:14:43,pingcap.com,utility,Page on pingcap.com,21,2026-03-11,Wednesday
2026-03-11T21:16:01,guvi.in,learning,Page on guvi.in,21,2026-03-11,Wednesday
2026-03-11T21:28:05,support.microsoft.com,utility,Page on support.microsoft.com,21,2026-03-11,Wednesday
2026-03-11T21:28:58,linkedin.com,work,Page on linkedin.com,21,2026-03-11,Wednesday
2026-03-11T21:30:33,accounts.google.co.in,utility,Page on accounts.google.co.in,21,2026-03-11,Wednesday
2026-03-11T21:32:34,amazon.in,utility,Page on amazon.in,21,2026-03-11,Wednesday
2026-03-11T21:37:01,test.hyrenet.in,utility,Page on test.hyrenet.in,21,2026-03-11,Wednesday
2026-03-11T21:40:52,amazon.in,utility,Page on amazon.in,21,2026-03-11,Wednesday
2026-03-11T21:44:25,linkedin.com,work,Page on linkedin.com,21,2026-03-11,Wednesday
2026-03-11T21:47:20,support.microsoft.com,utility,Page on support.microsoft.com,21,2026-03-11,Wednesday
2026-03-11T21:52:17,pingcap.com,utility,Page on pingcap.com,21,2026-03-11,Wednesday
2026-03-11T22:05:30,forms.gle,work,Page on forms.gle,22,2026-03-11,Wednesday
2026-03-11T22:18:42,web.whatsapp.com,social,Page on web.whatsapp.com,22,2026-03-11,Wednesday
2026-03-11T22:21:26,amazon.in,utility,Page on amazon.in,22,2026-03-11,Wednesday
2026-03-11T22:26:21,docs.google.com,work,Page on docs.google.com,22,2026-03-11,Wednesday
2026-03-11T22:42:06,v2.zenclass.in,learning,Page on v2.zenclass.in,22,2026-03-11,Wednesday
2026-03-11T22:52:48,auth.tidbcloud.com,utility,Page on auth.tidbcloud.com,22,2026-03-11,Wednesday
2026-03-11T23:02:29,guvi.in,learning,Page on guvi.in,23,2026-03-11,Wednesday
2026-03-11T23:20:16,docs.google.com,work,Page on docs.google.com,23,2026-03-11,Wednesday
2026-03-12T07:06:48,accounts.google.com,utility,Page on accounts.google.com,7,2026-03-12,Thursday
2026-03-12T07:28:10,indeed.com,work,Page on indeed.com,7,2026-03-12,Thursday
2026-03-12T07:45:55,sqlite.org,learning,Page on sqlite.org,7,2026-03-12,Thursday
2026-03-12T08:20:50,365datascience.com,learning,Page on 365datascience.com,8,2026-03-12,Thursday
2026-03-12T08:57:01,claude.com,learning,Page on claude.com,8,2026-03-12,Thursday
2026-03-12T09:18:22,x.com,social,Page on x.com,9,2026-03-12,Thursday
2026-03-12T09:27:09,localhost:8501,coding,Page on localhost:8501,9,2026-03-12,Thursday
2026-03-12T09:33:26,pingcap.com,utility,Page on pingcap.com,9,2026-03-12,Thursday
2026-03-12T09:43:50,classify.zenclass.in,learning,Page on classify.zenclass.in,9,2026-03-12,Thursday
2026-03-12T10:10:11,guvi.in,learning,Page on guvi.in,10,2026-03-12,Thursday
2026-03-12T10:31:58,nvidia.com,utility,Page on nvidia.com,10,2026-03-12,Thursday
2026-03-12T10:39:43,localhost:8501,coding,Page on localhost:8501,10,2026-03-12,Thursday
2026-03-12T10:39:55,reddit.com,social,Page on reddit.com,10,2026-03-12,Thursday
2026-03-12T11:09:14,netflix.com,entertainment,Page on netflix.com,11,2026-03-12,Thursday
2026-03-12T11:16:42,chatgpt.com,learning,Page on chatgpt.com,11,2026-03-12,Thursday
2026-03-12T11:40:16,netflix.com,entertainment,Page on netflix.com,11,2026-03-12,Thursday
2026-03-12T11:57:51,netflix.com,entertainment,Page on netflix.com,11,2026-03-12,Thursday
2026-03-12T12:19:40,mail.google.com,social,Page on mail.google.com,12,2026-03-12,Thursday
2026-03-12T12:28:22,nvidia.com,utility,Page on nvidia.com,12,2026-03-12,Thursday
2026-03-12T12:34:10,w3schools.com,learning,Page on w3schools.com,12,2026-03-12,Thursday
2026-03-12T12:44:16,netflix.com,entertainment,Page on netflix.com,12,2026-03-12,Thursday
2026-03-12T12:57:18,test.hyrenet.in,utility,Page on test.hyrenet.in,12,2026-03-12,Thursday
2026-03-12T13:06:15,reddit.com,social,Page on reddit.com,13,2026-03-12,Thursday
2026-03-12T13:24:54,google.com,utility,Page on google.com,13,2026-03-12,Thursday
2026-03-12T13:36:22,pingcap.com,utility,Page on pingcap.com,13,2026-03-12,Thursday
2026-03-12T13:54:19,github.com,coding,Page on github.com,13,2026-03-12,Thursday
2026-03-12T14:01:53,accounts.youtube.com,utility,Page on accounts.youtube.com,14,2026-03-12,Thursday
2026-03-12T14:18:44,naukri.com,work,Page on naukri.com,14,2026-03-12,Thursday
2026-03-12T14:25:17,chatgpt.com,learning,Page on chatgpt.com,14,2026-03-12,Thursday
2026-03-12T14:36:55,test.hyrenet.in,utility,Page on test.hyrenet.in,14,2026-03-12,Thursday
2026-03-12T14:49:47,365datascience.com,learning,Page on 365datascience.com,14,2026-03-12,Thursday
2026-03-12T14:58:38,amazon.in,utility,Page on amazon.in,14,2026-03-12,Thursday
2026-03-12T15:14:40,github.com,coding,Page on github.com,15,2026-03-12,Thursday
2026-03-12T15:38:51,forms.gle,work,Page on forms.gle,15,2026-03-12,Thursday
2026-03-12T15:39:16,test.hyrenet.in,utility,Page on test.hyrenet.in,15,2026-03-12,Thursday
2026-03-12T15:49:51,colab.research.google.com,coding,Page on colab.research.google.com,15,2026-03-12,Thursday
2026-03-12T15:53:57,naukri.com,work,Page on naukri.com,15,2026-03-12,Thursday
2026-03-12T16:05:58,naukri.com,work,Page on naukri.com,16,2026-03-12,Thursday
2026-03-12T16:11:12,mysql.com,learning,Page on mysql.com,16,2026-03-12,Thursday
2026-03-12T16:20:47,meet.google.com,social,Page on meet.google.com,16,2026-03-12,Thursday
2026-03-12T16:37:23,mysql.com,learning,Page on mysql.com,16,2026-03-12,Thursday
2026-03-12T16:40:06,accounts.google.com,utility,Page on accounts.google.com,16,2026-03-12,Thursday
2026-03-12T16:41:02,indeed.com,work,Page on indeed.com,16,2026-03-12,Thursday
2026-03-12T16:43:53,mysql.com,learning,Page on mysql.com,16,2026-03-12,Thursday
2026-03-12T16:48:46,accounts.youtube.com,utility,Page on accounts.youtube.com,16,2026-03-12,Thursday
2026-03-12T16:50:28,claude.com,learning,Page on claude.com,16,2026-03-12,Thursday
2026-03-12T17:00:16,tidbcloud.com,utility,Page on tidbcloud.com,17,2026-03-12,Thursday
2026-03-12T17:04:09,colab.research.google.com,coding,Page on colab.research.google.com,17,2026-03-12,Thursday
2026-03-12T17:23:05,web.whatsapp.com,social,Page on web.whatsapp.com,17,2026-03-12,Thursday
2026-03-12T17:25:54,auth.tidbcloud.com,utility,Page on auth.tidbcloud.com,17,2026-03-12,Thursday
2026-03-12T17:33:32,linkedin.com,work,Page on linkedin.com,17,2026-03-12,Thursday
2026-03-12T17:50:34,x.com,social,Page on x.com,17,2026-03-12,Thursday
2026-03-12T17:51:07,netflix.com,entertainment,Page on netflix.com,17,2026-03-12,Thursday
2026-03-12T17:51:18,drive.google.com,work,Page on drive.google.com,17,2026-03-12,Thursday
2026-03-12T17:53:10,sqlitebrowser.org,coding,Page on sqlitebrowser.org,17,2026-03-12,Thursday
2026-03-12T17:55:43,test.hyrenet.in,utility,Page on test.hyrenet.in,17,2026-03-12,Thursday
2026-03-12T17:58:52,google.com,utility,Page on google.com,17,2026-03-12,Thursday
2026-03-12T18:06:43,colab.research.google.com,coding,Page on colab.research.google.com,18,2026-03-12,Thursday
2026-03-12T18:07:29,x.com,social,Page on x.com,18,2026-03-12,Thursday
2026-03-12T18:16:37,reddit.com,social,Page on reddit.com,18,2026-03-12,Thursday
2026-03-12T18:30:01,go.microsoft.com,utility,Page on go.microsoft.com,18,2026-03-12,Thursday
2026-03-12T18:41:04,accounts.google.com,utility,Page on accounts.google.com,18,2026-03-12,Thursday
2026-03-12T18:43:47,test.hyrenet.in,utility,Page on test.hyrenet.in,18,2026-03-12,Thursday
2026-03-12T18:52:40,x.com,social,Page on x.com,18,2026-03-12,Thursday
2026-03-12T18:56:35,docs.google.com,work,Page on docs.google.com,18,2026-03-12,Thursday
2026-03-12T18:58:39,colab.research.google.com,coding,Page on colab.research.google.com,18,2026-03-12,Thursday
2026-03-12T19:02:44,x.com,social,Page on x.com,19,2026-03-12,Thursday
2026-03-12T19:06:15,tidbcloud.com,utility,Page on tidbcloud.com,19,2026-03-12,Thursday
2026-03-12T19:06:53,amazon.in,utility,Page on amazon.in,19,2026-03-12,Thursday
2026-03-12T19:08:02,claude.com,learning,Page on claude.com,19,2026-03-12,Thursday
2026-03-12T19:08:24,netflix.com,entertainment,Page on netflix.com,19,2026-03-12,Thursday
2026-03-12T19:19:31,dev.mysql.com,learning,Page on dev.mysql.com,19,2026-03-12,Thursday
2026-03-12T19:23:42,tidbcloud.com,utility,Page on tidbcloud.com,19,2026-03-12,Thursday
2026-03-12T19:26:37,zenclass.in,learning,Page on zenclass.in,19,2026-03-12,Thursday
2026-03-12T19:39:26,linkedin.com,work,Page on linkedin.com,19,2026-03-12,Thursday
2026-03-12T19:41:26,dev.mysql.com,learning,Page on dev.mysql.com,19,2026-03-12,Thursday
2026-03-12T19:52:29,indeed.com,work,Page on indeed.com,19,2026-03-12,Thursday
2026-03-12T19:56:26,accounts.google.co.in,utility,Page on accounts.google.co.in,19,2026-03-12,Thursday
2026-03-12T20:01:03,drive.google.com,work,Page on drive.google.com,20,2026-03-12,Thursday
2026-03-12T20:05:42,raw.githubusercontent.com,coding,Page on raw.githubusercontent.com,20,2026-03-12,Thursday
2026-03-12T20:06:43,x.com,social,Page on x.com,20,2026-03-12,Thursday
2026-03-12T20:13:28,youtube.com,entertainment,Page on youtube.com,20,2026-03-12,Thursday
2026-03-12T20:15:08,pingcap.com,utility,Page on pingcap.com,20,2026-03-12,Thursday
2026-03-12T20:15:54,x.com,social,Page on x.com,20,2026-03-12,Thursday
2026-03-12T20:17:12,dev.mysql.com,learning,Page on dev.mysql.com,20,2026-03-12,Thursday
2026-03-12T20:22:03,web.whatsapp.com,social,Page on web.whatsapp.com,20,2026-03-12,Thursday
2026-03-12T20:34:57,accounts.google.co.in,utility,Page on accounts.google.co.in,20,2026-03-12,Thursday
2026-03-12T20:41:40,support.microsoft.com,utility,Page on support.microsoft.com,20,2026-03-12,Thursday
2026-03-12T20:54:52,netflix.com,entertainment,Page on netflix.com,20,2026-03-12,Thursday
2026-03-12T21:00:17,zenclass.in,learning,Page on zenclass.in,21,2026-03-12,Thursday
2026-03-12T21:08:34,sqlitebrowser.org,coding,Page on sqlitebrowser.org,21,2026-03-12,Thursday
2026-03-12T21:13:04,auth.tidbcloud.com,utility,Page on auth.tidbcloud.com,21,2026-03-12,Thursday
2026-03-12T21:13:37,raw.githubusercontent.com,coding,Page on raw.githubusercontent.com,21,2026-03-12,Thursday
2026-03-12T21:21:49,zenclass.in,learning,Page on zenclass.in,21,2026-03-12,Thursday
2026-03-12T21:50:57,support.microsoft.com,utility,Page on support.microsoft.com,21,2026-03-12,Thursday
2026-03-12T21:51:11,dev.mysql.com,learning,Page on dev.mysql.com,21,2026-03-12,Thursday
2026-03-12T21:52:55,colab.research.google.com,coding,Page on colab.research.google.com,21,2026-03-12,Thursday
2026-03-12T22:08:00,forms.gle,work,Page on forms.gle,22,2026-03-12,Thursday
2026-03-12T22:42:55,claude.ai,learning,Page on claude.ai,22,2026-03-12,Thursday
2026-03-12T22:50:50,localhost:8501,coding,Page on localhost:8501,22,2026-03-12,Thursday
2026-03-12T23:08:47,meet.google.com,social,Page on meet.google.com,23,2026-03-12,Thursday
2026-03-12T23:11:16,365datascience.com,learning,Page on 365datascience.com,23,2026-03-12,Thursday
2026-03-12T23:28:32,colab.research.google.com,coding,Page on colab.research.google.com,23,2026-03-12,Thursday
2026-03-12T23:30:28,x.com,social,Page on x.com,23,2026-03-12,Thursday
2026-03-12T23:32:37,sqlite.org,learning,Page on sqlite.org,23,2026-03-12,Thursday
2026-03-12T23:33:07,w3schools.com,learning,Page on w3schools.com,23,2026-03-12,Thursday
2026-03-12T23:37:20,claude.ai,learning,Page on claude.ai,23,2026-03-12,Thursday
2026-03-13T00:36:27,pingcap.com,utility,Page on pingcap.com,0,2026-03-13,Friday
2026-03-13T01:25:45,accounts.google.com,utility,Page on accounts.google.com,1,2026-03-13,Friday
2026-03-13T01:26:18,dev.mysql.com,learning,Page on dev.mysql.com,1,2026-03-13,Friday
2026-03-13T05:25:01,docs.google.com,work,Page on docs.google.com,5,2026-03-13,Friday
2026-03-13T06:10:51,go.microsoft.com,utility,Page on go.microsoft.com,6,2026-03-13,Friday
2026-03-13T07:05:27,sqlite.org,learning,Page on sqlite.org,7,2026-03-13,Friday
2026-03-13T07:15:27,nvidia.com,utility,Page on nvidia.com,7,2026-03-13,Friday
2026-03-13T07:25:33,guvi.in,learning,Page on guvi.in,7,2026-03-13,Friday
2026-03-13T07:25:55,indeed.com,work,Page on indeed.com,7,2026-03-13,Friday
2026-03-13T07:29:53,x.com,social,Page on x.com,7,2026-03-13,Friday
2026-03-13T08:04:11,accounts.google.com,utility,Page on accounts.google.com,8,2026-03-13,Friday
2026-03-13T08:04:32,accounts.google.com,utility,Page on accounts.google.com,8,2026-03-13,Friday
2026-03-13T08:06:09,sqlitebrowser.org,coding,Page on sqlitebrowser.org,8,2026-03-13,Friday
2026-03-13T08:07:33,png2jpg.com,utility,Page on png2jpg.com,8,2026-03-13,Friday
2026-03-13T08:09:48,accounts.google.co.in,utility,Page on accounts.google.co.in,8,2026-03-13,Friday
2026-03-13T08:12:11,support.microsoft.com,utility,Page on support.microsoft.com,8,2026-03-13,Friday
2026-03-13T08:12:57,forms.gle,work,Page on forms.gle,8,2026-03-13,Friday
2026-03-13T08:21:49,v2.zenclass.in,learning,Page on v2.zenclass.in,8,2026-03-13,Friday
2026-03-13T08:22:46,accounts.google.co.in,utility,Page on accounts.google.co.in,8,2026-03-13,Friday
2026-03-13T08:47:21,colab.research.google.com,coding,Page on colab.research.google.com,8,2026-03-13,Friday
2026-03-13T08:52:09,localhost:8501,coding,Page on localhost:8501,8,2026-03-13,Friday
2026-03-13T09:20:09,youtube.com,entertainment,Page on youtube.com,9,2026-03-13,Friday
2026-03-13T09:20:55,accounts.google.com,utility,Page on accounts.google.com,9,2026-03-13,Friday
2026-03-13T09:31:29,pingcap.com,utility,Page on pingcap.com,9,2026-03-13,Friday
2026-03-13T09:41:40,go.microsoft.com,utility,Page on go.microsoft.com,9,2026-03-13,Friday
2026-03-13T09:43:59,pingcap.com,utility,Page on pingcap.com,9,2026-03-13,Friday
2026-03-13T09:48:37,youtube.com,entertainment,Page on youtube.com,9,2026-03-13,Friday
2026-03-13T10:03:23,naukri.com,work,Page on naukri.com,10,2026-03-13,Friday
2026-03-13T10:04:30,youtube.com,entertainment,Page on youtube.com,10,2026-03-13,Friday
2026-03-13T10:04:41,guvi.in,learning,Page on guvi.in,10,2026-03-13,Friday
2026-03-13T10:29:28,claude.com,learning,Page on claude.com,10,2026-03-13,Friday
2026-03-13T10:32:04,indeed.com,work,Page on indeed.com,10,2026-03-13,Friday
2026-03-13T10:37:03,forms.gle,work,Page on forms.gle,10,2026-03-13,Friday
2026-03-13T10:40:19,linkedin.com,work,Page on linkedin.com,10,2026-03-13,Friday
2026-03-13T11:24:29,nvidia.com,utility,Page on nvidia.com,11,2026-03-13,Friday
2026-03-13T11:28:58,pingcap.com,utility,Page on pingcap.com,11,2026-03-13,Friday
2026-03-13T11:35:50,claude.com,learning,Page on claude.com,11,2026-03-13,Friday
2026-03-13T11:38:30,png2jpg.com,utility,Page on png2jpg.com,11,2026-03-13,Friday
2026-03-13T11:39:38,png2jpg.com,utility,Page on png2jpg.com,11,2026-03-13,Friday
2026-03-13T11:41:12,docs.google.com,work,Page on docs.google.com,11,2026-03-13,Friday
2026-03-13T12:06:51,drive.google.com,work,Page on drive.google.com,12,2026-03-13,Friday
2026-03-13T12:09:03,youtube.com,entertainment,Page on youtube.com,12,2026-03-13,Friday
2026-03-13T12:15:45,youtube.com,entertainment,Page on youtube.com,12,2026-03-13,Friday
2026-03-13T12:28:33,chromewebstore.google.com,utility,Page on chromewebstore.google.com,12,2026-03-13,Friday
2026-03-13T12:39:10,x.com,social,Page on x.com,12,2026-03-13,Friday
2026-03-13T12:41:11,claude.com,learning,Page on claude.com,12,2026-03-13,Friday
2026-03-13T12:45:05,png2jpg.com,utility,Page on png2jpg.com,12,2026-03-13,Friday
2026-03-13T13:06:35,test.hyrenet.in,utility,Page on test.hyrenet.in,13,2026-03-13,Friday
2026-03-13T13:21:04,drive.google.com,work,Page on drive.google.com,13,2026-03-13,Friday
2026-03-13T13:23:58,naukri.com,work,Page on naukri.com,13,2026-03-13,Friday
2026-03-13T13:24:18,sqlitebrowser.org,coding,Page on sqlitebrowser.org,13,2026-03-13,Friday
2026-03-13T13:24:26,drive.google.com,work,Page on drive.google.com,13,2026-03-13,Friday
2026-03-13T13:43:38,365datascience.com,learning,Page on 365datascience.com,13,2026-03-13,Friday
2026-03-13T13:46:54,accounts.youtube.com,utility,Page on accounts.youtube.com,13,2026-03-13,Friday
2026-03-13T13:50:40,accounts.google.co.in,utility,Page on accounts.google.co.in,13,2026-03-13,Friday
2026-03-13T13:58:38,zenclass.in,learning,Page on zenclass.in,13,2026-03-13,Friday
2026-03-13T14:19:41,accounts.youtube.com,utility,Page on accounts.youtube.com,14,2026-03-13,Friday
2026-03-13T14:21:05,nvidia.com,utility,Page on nvidia.com,14,2026-03-13,Friday
2026-03-13T14:25:08,support.microsoft.com,utility,Page on support.microsoft.com,14,2026-03-13,Friday
2026-03-13T14:42:09,forms.gle,work,Page on forms.gle,14,2026-03-13,Friday
2026-03-13T15:23:19,classify.zenclass.in,learning,Page on classify.zenclass.in,15,2026-03-13,Friday
2026-03-13T15:32:23,claude.ai,learning,Page on claude.ai,15,2026-03-13,Friday
2026-03-13T15:35:24,accounts.google.co.in,utility,Page on accounts.google.co.in,15,2026-03-13,Friday
2026-03-13T15:41:42,mail.google.com,social,Page on mail.google.com,15,2026-03-13,Friday
2026-03-13T15:42:44,test.hyrenet.in,utility,Page on test.hyrenet.in,15,2026-03-13,Friday
2026-03-13T15:45:05,indeed.com,work,Page on indeed.com,15,2026-03-13,Friday
2026-03-13T15:50:21,mysql.com,learning,Page on mysql.com,15,2026-03-13,Friday
2026-03-13T15:58:33,guvi.in,learning,Page on guvi.in,15,2026-03-13,Friday
2026-03-13T16:09:04,naukri.com,work,Page on naukri.com,16,2026-03-13,Friday
2026-03-13T16:12:14,mysql.com,learning,Page on mysql.com,16,2026-03-13,Friday
2026-03-13T16:13:21,amazon.in,utility,Page on amazon.in,16,2026-03-13,Friday
2026-03-13T16:32:49,tidbcloud.com,utility,Page on tidbcloud.com,16,2026-03-13,Friday
2026-03-13T16:54:50,sqlite.org,learning,Page on sqlite.org,16,2026-03-13,Friday
2026-03-13T17:02:42,drive.google.com,work,Page on drive.google.com,17,2026-03-13,Friday
2026-03-13T17:08:38,reddit.com,social,Page on reddit.com,17,2026-03-13,Friday
2026-03-13T17:09:10,classify.zenclass.in,learning,Page on classify.zenclass.in,17,2026-03-13,Friday
2026-03-13T17:26:23,test.hyrenet.in,utility,Page on test.hyrenet.in,17,2026-03-13,Friday
2026-03-13T17:46:28,claude.com,learning,Page on claude.com,17,2026-03-13,Friday
2026-03-13T17:51:57,v2.zenclass.in,learning,Page on v2.zenclass.in,17,2026-03-13,Friday
2026-03-13T17:53:44,go.microsoft.com,utility,Page on go.microsoft.com,17,2026-03-13,Friday
2026-03-13T17:53:47,chromewebstore.google.com,utility,Page on chromewebstore.google.com,17,2026-03-13,Friday
2026-03-13T17:56:49,go.microsoft.com,utility,Page on go.microsoft.com,17,2026-03-13,Friday
2026-03-13T18:03:41,google.com,utility,Page on google.com,18,2026-03-13,Friday
2026-03-13T18:05:48,v2.zenclass.in,learning,Page on v2.zenclass.in,18,2026-03-13,Friday
2026-03-13T18:08:55,sqlitebrowser.org,coding,Page on sqlitebrowser.org,18,2026-03-13,Friday
2026-03-13T18:14:34,localhost:8501,coding,Page on localhost:8501,18,2026-03-13,Friday
2026-03-13T18:17:28,png2jpg.com,utility,Page on png2jpg.com,18,2026-03-13,Friday
2026-03-13T18:19:51,google.com,utility,Page on google.com,18,2026-03-13,Friday
2026-03-13T18:23:43,pingcap.com,utility,Page on pingcap.com,18,2026-03-13,Friday
2026-03-13T18:28:29,naukri.com,work,Page on naukri.com,18,2026-03-13,Friday
2026-03-13T18:33:26,v2.zenclass.in,learning,Page on v2.zenclass.in,18,2026-03-13,Friday
2026-03-13T18:39:18,youtube.com,entertainment,Page on youtube.com,18,2026-03-13,Friday
2026-03-13T18:46:15,youtube.com,entertainment,Page on youtube.com,18,2026-03-13,Friday
2026-03-13T18:49:24,png2jpg.com,utility,Page on png2jpg.com,18,2026-03-13,Friday
2026-03-13T18:52:12,support.microsoft.com,utility,Page on support.microsoft.com,18,2026-03-13,Friday
2026-03-13T18:54:07,naukri.com,work,Page on naukri.com,18,2026-03-13,Friday
2026-03-13T18:55:23,auth.tidbcloud.com,utility,Page on auth.tidbcloud.com,18,2026-03-13,Friday
2026-03-13T18:57:53,github.com,coding,Page on github.com,18,2026-03-13,Friday
2026-03-13T18:59:06,chromewebstore.google.com,utility,Page on chromewebstore.google.com,18,2026-03-13,Friday
2026-03-13T19:01:20,sqlite.org,learning,Page on sqlite.org,19,2026-03-13,Friday
2026-03-13T19:03:25,png2jpg.com,utility,Page on png2jpg.com,19,2026-03-13,Friday
2026-03-13T19:05:23,colab.research.google.com,coding,Page on colab.research.google.com,19,2026-03-13,Friday
2026-03-13T19:05:58,colab.research.google.com,coding,Page on colab.research.google.com,19,2026-03-13,Friday
2026-03-13T19:08:02,naukri.com,work,Page on naukri.com,19,2026-03-13,Friday
2026-03-13T19:09:53,mail.google.com,social,Page on mail.google.com,19,2026-03-13,Friday
2026-03-13T19:21:50,zenclass.in,learning,Page on zenclass.in,19,2026-03-13,Friday
2026-03-13T19:23:15,reddit.com,social,Page on reddit.com,19,2026-03-13,Friday
2026-03-13T19:28:39,chatgpt.com,learning,Page on chatgpt.com,19,2026-03-13,Friday
2026-03-13T19:44:53,mysql.com,learning,Page on mysql.com,19,2026-03-13,Friday
2026-03-13T19:48:45,google.com,utility,Page on google.com,19,2026-03-13,Friday
2026-03-13T19:52:28,forms.gle,work,Page on forms.gle,19,2026-03-13,Friday
2026-03-13T19:53:45,accounts.google.co.in,utility,Page on accounts.google.co.in,19,2026-03-13,Friday
2026-03-13T19:58:53,google.com,utility,Page on google.com,19,2026-03-13,Friday
2026-03-13T19:59:01,meet.google.com,social,Page on meet.google.com,19,2026-03-13,Friday
2026-03-13T20:04:07,amazon.in,utility,Page on amazon.in,20,2026-03-13,Friday
2026-03-13T20:15:26,accounts.google.com,utility,Page on accounts.google.com,20,2026-03-13,Friday
2026-03-13T20:15:45,zenclass.in,learning,Page on zenclass.in,20,2026-03-13,Friday
2026-03-13T20:16:13,zenclass.in,learning,Page on zenclass.in,20,2026-03-13,Friday
2026-03-13T20:18:27,chatgpt.com,learning,Page on chatgpt.com,20,2026-03-13,Friday
2026-03-13T20:19:07,365datascience.com,learning,Page on 365datascience.com,20,2026-03-13,Friday
2026-03-13T20:33:27,dev.mysql.com,learning,Page on dev.mysql.com,20,2026-03-13,Friday
2026-03-13T20:35:46,support.microsoft.com,utility,Page on support.microsoft.com,20,2026-03-13,Friday
2026-03-13T20:38:34,claude.ai,learning,Page on claude.ai,20,2026-03-13,Friday
2026-03-13T20:39:22,localhost:8501,coding,Page on localhost:8501,20,2026-03-13,Friday
2026-03-13T20:40:32,pingcap.com,utility,Page on pingcap.com,20,2026-03-13,Friday
2026-03-13T20:49:18,localhost:8501,coding,Page on localhost:8501,20,2026-03-13,Friday
2026-03-13T20:50:39,netflix.com,entertainment,Page on netflix.com,20,2026-03-13,Friday
2026-03-13T20:57:05,claude.ai,learning,Page on claude.ai,20,2026-03-13,Friday
2026-03-13T21:01:24,google.com,utility,Page on google.com,21,2026-03-13,Friday
2026-03-13T21:33:23,w3schools.com,learning,Page on w3schools.com,21,2026-03-13,Friday
2026-03-13T21:33:34,png2jpg.com,utility,Page on png2jpg.com,21,2026-03-13,Friday
2026-03-13T21:36:26,classify.zenclass.in,learning,Page on classify.zenclass.in,21,2026-03-13,Friday
2026-03-13T21:42:42,guvi.in,learning,Page on guvi.in,21,2026-03-13,Friday
2026-03-13T21:50:32,auth.tidbcloud.com,utility,Page on auth.tidbcloud.com,21,2026-03-13,Friday
2026-03-13T22:02:40,reddit.com,social,Page on reddit.com,22,2026-03-13,Friday
2026-03-13T22:22:50,w3schools.com,learning,Page on w3schools.com,22,2026-03-13,Friday
2026-03-13T22:23:16,claude.ai,learning,Page on claude.ai,22,2026-03-13,Friday
2026-03-13T23:22:15,accounts.youtube.com,utility,Page on accounts.youtube.com,23,2026-03-13,Friday
2026-03-13T23:40:06,nvidia.com,utility,Page on nvidia.com,23,2026-03-13,Friday
2026-03-14T06:36:23,netflix.com,entertainment,Page on netflix.com,6,2026-03-14,Saturday
2026-03-14T07:04:19,web.whatsapp.com,social,Page on web.whatsapp.com,7,2026-03-14,Saturday
2026-03-14T07:33:26,meet.google.com,social,Page on meet.google.com,7,2026-03-14,Saturday
2026-03-14T07:39:56,guvi.in,learning,Page on guvi.in,7,2026-03-14,Saturday
2026-03-14T07:45:46,google.com,utility,Page on google.com,7,2026-03-14,Saturday
2026-03-14T07:51:35,mysql.com,learning,Page on mysql.com,7,2026-03-14,Saturday
2026-03-14T07:52:36,w3schools.com,learning,Page on w3schools.com,7,2026-03-14,Saturday
2026-03-14T08:04:28,netflix.com,entertainment,Page on netflix.com,8,2026-03-14,Saturday
2026-03-14T08:08:20,accounts.google.co.in,utility,Page on accounts.google.co.in,8,2026-03-14,Saturday
2026-03-14T08:43:33,forms.gle,work,Page on forms.gle,8,2026-03-14,Saturday
2026-03-14T09:08:56,auth.tidbcloud.com,utility,Page on auth.tidbcloud.com,9,2026-03-14,Saturday
2026-03-14T09:09:19,v2.zenclass.in,learning,Page on v2.zenclass.in,9,2026-03-14,Saturday
2026-03-14T09:10:20,colab.research.google.com,coding,Page on colab.research.google.com,9,2026-03-14,Saturday
2026-03-14T09:22:33,naukri.com,work,Page on naukri.com,9,2026-03-14,Saturday
2026-03-14T09:32:58,365datascience.com,learning,Page on 365datascience.com,9,2026-03-14,Saturday
2026-03-14T09:40:37,classify.zenclass.in,learning,Page on classify.zenclass.in,9,2026-03-14,Saturday
2026-03-14T09:49:08,mail.google.com,social,Page on mail.google.com,9,2026-03-14,Saturday
2026-03-14T09:53:07,chromewebstore.google.com,utility,Page on chromewebstore.google.com,9,2026-03-14,Saturday
2026-03-14T10:02:52,claude.ai,learning,Page on claude.ai,10,2026-03-14,Saturday
2026-03-14T10:05:02,accounts.google.co.in,utility,Page on accounts.google.co.in,10,2026-03-14,Saturday
2026-03-14T10:05:32,accounts.google.co.in,utility,Page on accounts.google.co.in,10,2026-03-14,Saturday
2026-03-14T10:09:10,accounts.youtube.com,utility,Page on accounts.youtube.com,10,2026-03-14,Saturday
2026-03-14T10:10:37,nvidia.com,utility,Page on nvidia.com,10,2026-03-14,Saturday
2026-03-14T10:12:40,auth.tidbcloud.com,utility,Page on auth.tidbcloud.com,10,2026-03-14,Saturday
2026-03-14T10:17:08,accounts.google.com,utility,Page on accounts.google.com,10,2026-03-14,Saturday
2026-03-14T10:19:39,tidbcloud.com,utility,Page on tidbcloud.com,10,2026-03-14,Saturday
2026-03-14T10:21:53,pingcap.com,utility,Page on pingcap.com,10,2026-03-14,Saturday
2026-03-14T10:39:46,support.microsoft.com,utility,Page on support.microsoft.com,10,2026-03-14,Saturday
2026-03-14T10:49:36,sqlitebrowser.org,coding,Page on sqlitebrowser.org,10,2026-03-14,Saturday
2026-03-14T10:54:05,sqlitebrowser.org,coding,Page on sqlitebrowser.org,10,2026-03-14,Saturday
2026-03-14T11:01:31,accounts.google.com,utility,Page on accounts.google.com,11,2026-03-14,Saturday
2026-03-14T11:19:30,localhost:8501,coding,Page on localhost:8501,11,2026-03-14,Saturday
2026-03-14T11:26:39,accounts.google.com,utility,Page on accounts.google.com,11,2026-03-14,Saturday
2026-03-14T11:34:18,accounts.google.co.in,utility,Page on accounts.google.co.in,11,2026-03-14,Saturday
2026-03-14T11:41:13,pingcap.com,utility,Page on pingcap.com,11,2026-03-14,Saturday
2026-03-14T12:04:44,365datascience.com,learning,Page on 365datascience.com,12,2026-03-14,Saturday
2026-03-14T12:10:28,meet.google.com,social,Page on meet.google.com,12,2026-03-14,Saturday
2026-03-14T12:20:55,docs.google.com,work,Page on docs.google.com,12,2026-03-14,Saturday
2026-03-14T12:21:38,zenclass.in,learning,Page on zenclass.in,12,2026-03-14,Saturday
2026-03-14T12:25:08,x.com,social,Page on x.com,12,2026-03-14,Saturday
2026-03-14T12:25:19,netflix.com,entertainment,Page on netflix.com,12,2026-03-14,Saturday
2026-03-14T12:30:29,raw.githubusercontent.com,coding,Page on raw.githubusercontent.com,12,2026-03-14,Saturday
2026-03-14T12:32:35,sqlite.org,learning,Page on sqlite.org,12,2026-03-14,Saturday
2026-03-14T12:46:55,forms.gle,work,Page on forms.gle,12,2026-03-14,Saturday
2026-03-14T12:51:51,test.hyrenet.in,utility,Page on test.hyrenet.in,12,2026-03-14,Saturday
2026-03-14T13:03:18,reddit.com,social,Page on reddit.com,13,2026-03-14,Saturday
2026-03-14T13:07:17,youtube.com,entertainment,Page on youtube.com,13,2026-03-14,Saturday
2026-03-14T13:15:09,sqlite.org,learning,Page on sqlite.org,13,2026-03-14,Saturday
2026-03-14T13:15:55,v2.zenclass.in,learning,Page on v2.zenclass.in,13,2026-03-14,Saturday
2026-03-14T13:20:15,netflix.com,entertainment,Page on netflix.com,13,2026-03-14,Saturday
2026-03-14T13:46:20,github.com,coding,Page on github.com,13,2026-03-14,Saturday
2026-03-14T13:48:10,amazon.in,utility,Page on amazon.in,13,2026-03-14,Saturday
2026-03-14T13:52:20,pingcap.com,utility,Page on pingcap.com,13,2026-03-14,Saturday
2026-03-14T13:55:39,meet.google.com,social,Page on meet.google.com,13,2026-03-14,Saturday
2026-03-14T14:01:05,web.whatsapp.com,social,Page on web.whatsapp.com,14,2026-03-14,Saturday
2026-03-14T14:32:29,amazon.in,utility,Page on amazon.in,14,2026-03-14,Saturday
2026-03-14T14:56:19,amazon.in,utility,Page on amazon.in,14,2026-03-14,Saturday
2026-03-14T15:03:03,naukri.com,work,Page on naukri.com,15,2026-03-14,Saturday
2026-03-14T15:03:36,auth.tidbcloud.com,utility,Page on auth.tidbcloud.com,15,2026-03-14,Saturday
2026-03-14T15:12:23,auth.tidbcloud.com,utility,Page on auth.tidbcloud.com,15,2026-03-14,Saturday
2026-03-14T15:13:37,forms.gle,work,Page on forms.gle,15,2026-03-14,Saturday
2026-03-14T15:23:02,web.whatsapp.com,social,Page on web.whatsapp.com,15,2026-03-14,Saturday
2026-03-14T15:27:08,sqlitebrowser.org,coding,Page on sqlitebrowser.org,15,2026-03-14,Saturday
2026-03-14T15:31:38,accounts.google.co.in,utility,Page on accounts.google.co.in,15,2026-03-14,Saturday
2026-03-14T15:32:29,localhost:8501,coding,Page on localhost:8501,15,2026-03-14,Saturday
2026-03-14T15:34:00,sqlite.org,learning,Page on sqlite.org,15,2026-03-14,Saturday
2026-03-14T15:43:30,naukri.com,work,Page on naukri.com,15,2026-03-14,Saturday
2026-03-14T15:46:23,web.whatsapp.com,social,Page on web.whatsapp.com,15,2026-03-14,Saturday
2026-03-14T16:17:52,go.microsoft.com,utility,Page on go.microsoft.com,16,2026-03-14,Saturday
2026-03-14T16:18:04,reddit.com,social,Page on reddit.com,16,2026-03-14,Saturday
2026-03-14T16:32:28,auth.tidbcloud.com,utility,Page on auth.tidbcloud.com,16,2026-03-14,Saturday
2026-03-14T16:43:39,dev.mysql.com,learning,Page on dev.mysql.com,16,2026-03-14,Saturday
2026-03-14T17:08:06,web.whatsapp.com,social,Page on web.whatsapp.com,17,2026-03-14,Saturday
2026-03-14T17:23:50,drive.google.com,work,Page on drive.google.com,17,2026-03-14,Saturday
2026-03-14T18:02:02,mysql.com,learning,Page on mysql.com,18,2026-03-14,Saturday
2026-03-14T18:08:20,go.microsoft.com,utility,Page on go.microsoft.com,18,2026-03-14,Saturday
2026-03-14T18:12:38,png2jpg.com,utility,Page on png2jpg.com,18,2026-03-14,Saturday
2026-03-14T18:20:10,web.whatsapp.com,social,Page on web.whatsapp.com,18,2026-03-14,Saturday
2026-03-14T18:25:32,claude.com,learning,Page on claude.com,18,2026-03-14,Saturday
2026-03-14T18:33:29,zenclass.in,learning,Page on zenclass.in,18,2026-03-14,Saturday
2026-03-14T18:35:23,zenclass.in,learning,Page on zenclass.in,18,2026-03-14,Saturday
2026-03-14T18:38:57,png2jpg.com,utility,Page on png2jpg.com,18,2026-03-14,Saturday
2026-03-14T18:45:21,google.com,utility,Page on google.com,18,2026-03-14,Saturday
2026-03-14T19:01:38,google.com,utility,Page on google.com,19,2026-03-14,Saturday
2026-03-14T19:07:26,nvidia.com,utility,Page on nvidia.com,19,2026-03-14,Saturday
2026-03-14T19:16:41,nvidia.com,utility,Page on nvidia.com,19,2026-03-14,Saturday
2026-03-14T19:19:30,claude.ai,learning,Page on claude.ai,19,2026-03-14,Saturday
2026-03-14T19:19:50,accounts.google.com,utility,Page on accounts.google.com,19,2026-03-14,Saturday
2026-03-14T19:23:21,test.hyrenet.in,utility,Page on test.hyrenet.in,19,2026-03-14,Saturday
2026-03-14T19:31:45,pingcap.com,utility,Page on pingcap.com,19,2026-03-14,Saturday
2026-03-14T19:33:40,go.microsoft.com,utility,Page on go.microsoft.com,19,2026-03-14,Saturday
2026-03-14T19:36:14,365datascience.com,learning,Page on 365datascience.com,19,2026-03-14,Saturday
2026-03-14T19:37:21,png2jpg.com,utility,Page on png2jpg.com,19,2026-03-14,Saturday
2026-03-14T19:37:30,v2.zenclass.in,learning,Page on v2.zenclass.in,19,2026-03-14,Saturday
2026-03-14T19:39:47,indeed.com,work,Page on indeed.com,19,2026-03-14,Saturday
2026-03-14T19:53:32,tidbcloud.com,utility,Page on tidbcloud.com,19,2026-03-14,Saturday
2026-03-14T20:01:28,docs.google.com,work,Page on docs.google.com,20,2026-03-14,Saturday
2026-03-14T20:09:52,test.hyrenet.in,utility,Page on test.hyrenet.in,20,2026-03-14,Saturday
2026-03-14T20:13:35,docs.google.com,work,Page on docs.google.com,20,2026-03-14,Saturday
2026-03-14T20:15:02,pingcap.com,utility,Page on pingcap.com,20,2026-03-14,Saturday
2026-03-14T20:26:09,meet.google.com,social,Page on meet.google.com,20,2026-03-14,Saturday
2026-03-14T20:32:49,go.microsoft.com,utility,Page on go.microsoft.com,20,2026-03-14,Saturday
2026-03-14T20:44:07,github.com,coding,Page on github.com,20,2026-03-14,Saturday
2026-03-14T20:44:13,meet.google.com,social,Page on meet.google.com,20,2026-03-14,Saturday
2026-03-14T20:45:08,chromewebstore.google.com,utility,Page on chromewebstore.google.com,20,2026-03-14,Saturday
2026-03-14T20:49:53,reddit.com,social,Page on reddit.com,20,2026-03-14,Saturday
2026-03-14T20:58:30,365datascience.com,learning,Page on 365datascience.com,20,2026-03-14,Saturday
2026-03-14T21:24:20,classify.zenclass.in,learning,Page on classify.zenclass.in,21,2026-03-14,Saturday
2026-03-14T21:29:58,tidbcloud.com,utility,Page on tidbcloud.com,21,2026-03-14,Saturday
2026-03-14T21:42:30,chromewebstore.google.com,utility,Page on chromewebstore.google.com,21,2026-03-14,Saturday
2026-03-14T22:15:17,auth.tidbcloud.com,utility,Page on auth.tidbcloud.com,22,2026-03-14,Saturday
2026-03-14T22:21:34,forms.gle,work,Page on forms.gle,22,2026-03-14,Saturday
2026-03-14T22:39:30,github.com,coding,Page on github.com,22,2026-03-14,Saturday
2026-03-14T22:41:51,sqlitebrowser.org,coding,Page on sqlitebrowser.org,22,2026-03-14,Saturday
2026-03-14T22:43:49,test.hyrenet.in,utility,Page on test.hyrenet.in,22,2026-03-14,Saturday
2026-03-14T23:18:07,pingcap.com,utility,Page on pingcap.com,23,2026-03-14,Saturday
2026-03-14T23:19:14,indeed.com,work,Page on indeed.com,23,2026-03-14,Saturday
2026-03-14T23:20:30,forms.gle,work,Page on forms.gle,23,2026-03-14,Saturday
2026-03-14T23:35:59,linkedin.com,work,Page on linkedin.com,23,2026-03-14,Saturday
2026-03-14T23:44:45,amazon.in,utility,Page on amazon.in,23,2026-03-14,Saturday
2026-03-14T23:49:18,raw.githubusercontent.com,coding,Page on raw.githubusercontent.com,23,2026-03-14,Saturday
